INSERT INTO
    users (
        id,
        username,
        fio,
        PASSWORD,
        role_id
    )
VALUES (
        1,
        'user1',
        'Иван Иванов',
        '$2b$12$abc123hashedpassword1',
        1
    ),
    (
        2,
        'user2',
        'Мария Смирнова',
        '$2b$12$abc123hashedpassword2',
        2
    ),
    (
        3,
        'user3',
        'Алексей Кузнецов',
        '$2b$12$abc123hashedpassword3',
        3
    ),
    (
        4,
        'user4',
        'Наталья Попова',
        '$2b$12$abc123hashedpassword4',
        2
    ),
    (
        5,
        'user5',
        'Дмитрий Соколов',
        '$2b$12$abc123hashedpassword5',
        3
    ),
    (
        6,
        'user6',
        'Светлана Морозова',
        '$2b$12$abc123hashedpassword6',
        2
    ),
    (
        7,
        'user7',
        'Егор Васильев',
        '$2b$12$abc123hashedpassword7',
        3
    ),
    (
        8,
        'user8',
        'Анна Новикова',
        '$2b$12$abc123hashedpassword8',
        2
    ),
    (
        9,
        'user9',
        'Сергей Михайлов',
        '$2b$12$abc123hashedpassword9',
        3
    ),
    (
        10,
        'user10',
        'Елена Федорова',
        '$2b$12$abc123hashedpassword10',
        2
    );

INSERT INTO
    courses (id, title, author_id)
VALUES (
        1,
        'Основы программирования',
        1
    ),
    (2, 'Математический анализ', 2),
    (3, 'История России', 3),
    (4, 'Физика для начинающих', 4),
    (5, 'Английский язык', 43),
    (6, 'Экономика предприятия', 6),
    (7, 'Основы маркетинга', 4),
    (8, 'Биология человека', 7),
    (9, 'Философия науки', 1),
    (10, 'Основы дизайна', 2);

INSERT INTO
    course_lessons (
        course_id,
        title,
        lesson_number,
        created_at,
        lesson_content
    )
VALUES (
        1,
        'Введение в Python',
        1,
        NOW(),
        'Основы синтаксиса и структуры кода'
    ),
    (
        2,
        'Пределы и производные',
        1,
        NOW(),
        'Основные понятия анализа'
    ),
    (
        3,
        'Древняя Русь',
        1,
        NOW(),
        'История от Киевской Руси до Московского княжества'
    ),
    (
        4,
        'Основы механики',
        1,
        NOW(),
        'Законы Ньютона и их применение'
    ),
    (
        5,
        'Грамматика английского',
        1,
        NOW(),
        'Разбор базовых конструкций'
    ),
    (
        6,
        'Маркетинговые исследования',
        1,
        NOW(),
        'Методы анализа рынка'
    ),
    (
        7,
        'Физиология человека',
        1,
        NOW(),
        'Структура и функции организма'
    ),
    (
        8,
        'Современная философия',
        1,
        NOW(),
        'Ключевые идеи и течения'
    ),
    (
        9,
        'Визуальный дизайн',
        1,
        NOW(),
        'Основные принципы композиции'
    ),
    (
        10,
        'Управление проектами',
        1,
        NOW(),
        'Методы и практики управления'
    );

INSERT INTO
    assignments (
        course_id,
        lector_id,
        assignment_text,
        created_at
    )
VALUES (
        1,
        3,
        'Сделать калькулятор на Python',
        NOW()
    ),
    (
        2,
        5,
        'Решить задачи по производным',
        NOW()
    ),
    (
        3,
        9,
        'Подготовить доклад об истории Руси',
        NOW()
    ),
    (
        4,
        7,
        'Смоделировать движение тела под углом',
        NOW()
    ),
    (
        5,
        9,
        'Составить эссе на английском',
        NOW()
    ),
    (
        6,
        5,
        'Проанализировать рынок электроники',
        NOW()
    ),
    (
        7,
        7,
        'Подготовить презентацию о дыхательной системе',
        NOW()
    ),
    (
        8,
        3,
        'Написать эссе о философии Платона',
        NOW()
    ),
    (
        9,
        9,
        'Создать макет веб-страницы',
        NOW()
    ),
    (
        10,
        5,
        'Разработать план проекта',
        NOW()
    );

INSERT INTO
    submitted_assignments (
        student_id,
        assignment_id,
        submitted_at,
        grade
    )
VALUES (2, 1, NOW(), 4),
    (4, 2, NOW(), 5),
    (6, 3, NOW(), 3),
    (8, 4, NOW(), 4),
    (10, 5, NOW(), 5),
    (2, 6, NOW(), 5),
    (4, 7, NOW(), 4),
    (6, 8, NOW(), 3),
    (8, 9, NOW(), 5),
    (10, 10, NOW(), 5);